<?xml version="1.0" encoding="UTF-8"?>
<beans xmlns="http://www.springframework.org/schema/beans"
	xmlns:xsi="http://www.w3.org/2001/XMLSchema-instance"
	xmlns:context="http://www.springframework.org/schema/context"
	xmlns:mybatis-spring="http://mybatis.org/schema/mybatis-spring"
	xsi:schemaLocation="http://mybatis.org/schema/mybatis-spring http://mybatis.org/schema/mybatis-spring-1.2.xsd
		http://www.springframework.org/schema/beans https://www.springframework.org/schema/beans/spring-beans.xsd
		http://www.springframework.org/schema/context http://www.springframework.org/schema/context/spring-context-4.3.xsd">
	

    <!-- Property Placeholder Configurer -->
    <bean id="propertyConfigurer" class="org.springframework.beans.factory.config.PropertyPlaceholderConfigurer">
        <property name="location" value="classpath:value.properties" />
    </bean>

    <!--  SQL 예쁘게 출력하는 방법으로 변경 -->
    <bean id="dataSourceSpied" class="org.apache.commons.dbcp.BasicDataSource" destroy-method="close">
     <property name="driverClassName" value="${db.driverClassName}" />
     <property name="url" value="${db.url}"/>
     <property name="username" value="${db.username}" />
     <property name="password" value="${db.password}" /> 
    </bean>
    
    <bean id="dataSource" class="net.sf.log4jdbc.Log4jdbcProxyDataSource">
        <constructor-arg ref="dataSourceSpied" />
        <property name="logFormatter">
            <bean class="net.sf.log4jdbc.tools.Log4JdbcCustomFormatter">
                <property name="loggingType" value="MULTI_LINE" />
                <property name="sqlPrefix" value="SQL : " />
            </bean>
        </property>
    </bean>
    
    <!-- sqlSessionFactory  -->
    <bean id="sqlSessionFactory" class="org.mybatis.spring.SqlSessionFactoryBean">
        <property name="dataSource" ref="dataSource" />
        <property name="configLocation" value="classpath:mybatis-config.xml" />
        <property name="mapperLocations" value="classpath*:cs/dit/site/mapper/*Mapper.xml" />
    </bean>
	
	
	<!--  기존 설정 Hikari DataSource 연결 방법
	    <bean id = "hikariConfig" class="com.zaxxer.hikari.HikariConfig">
	        <property name = "driverClassName" value="net.sf.log4jdbc.sql.jdbcapi.DriverSpy"/>
	        <property name = "jdbcUrl" value="jdbc:log4jdbc:mariadb://211.188.61.120:3306/jinsookdb"/>
	        <property name = "username" value="jinsook"/>
	        <property name = "password" value="1111"/>
	    </bean>
	    
	    <bean id = "dataSource" class="com.zaxxer.hikari.HikariDataSource" destroy-method="close">
	        <constructor-arg ref = "hikariConfig"/>
	    </bean>
	    
	    <bean id="sqlSessionFactory" class="org.mybatis.spring.SqlSessionFactoryBean">
	        <property name="dataSource" ref="dataSource"/>
	        <property name="configLocation" value="classpath:mybatis-config.xml" />
	        <property name="mapperLocations" value="classpath*:cs/dit/site/mapper/*Mapper.xml" />
	    </bean>
	-->
	
	<!-- 지정된 패키지의 모든 mybatis 관련 어노테이션을 스캔하여 처리함 -->
    <!-- MyBatis Mapper Scanner -->
    <mybatis-spring:scan base-package="cs.dit.site.mapper" />
    <!-- Component Scanning -->
    <context:component-scan base-package="cs.dit.site" />
</beans>