<?xml version="1.0" encoding="UTF-8"?>
<!DOCTYPE mapper
  PUBLIC "-//mybatis.org//DTD Mapper 3.0//EN"
  "http://mybatis.org/dtd/mybatis-3-mapper.dtd">

<mapper namespace="cs.dit.site.mapper.BoardMapper">

	<select id="getList" resultType="cs.dit.site.domain.BoardVO">
		select * from tbl_board where cano = #{cano} order by bno desc limit 3
	</select>
	
	<select id="getListPage" resultType="cs.dit.site.domain.BoardVO">
		select * from tbl_board where cano = #{cano} order by bno desc limit #{pageStart}, #{amount}
	</select>
	 
	<insert id="insert">
		insert into tbl_board(title, cano, content, writer, imgPath) values(#{title}, #{cano}, #{content}, #{writer}, #{imgPath})
	</insert>

	<select id="read" resultType="cs.dit.site.domain.BoardVO">
		select * from tbl_board where bno = #{bno}
	</select>
	
	<delete id="delete">
		delete from tbl_board where bno = #{bno}
	</delete>
	
	<update id="update">
		update tbl_board set 
				title=#{title}, 
				content=#{content},
				writer=#{writer},
				imgPath=#{imgPath},
				updateDate=now()
				where bno = #{bno}
	</update>
	
	<select id="getTotal" resultType="int" parameterType="int">
		select count(bno) from tbl_board where cano = #{cano}
	</select>
	
	<!--  카테고리 목록 -->
    <select id="getCategoryList" resultType="cs.dit.site.domain.CategoryVO">
        select cano, name from tbl_category order by cano desc
    </select>
	
</mapper>